model,r2_score,rmse,mae,mape
Linear Regression (Val),0.14619115584121423,0.09931293271577361,0.07736677798380479,17.346748416633485
Linear Regression (Test),0.11669257014342849,0.10170607517832983,0.07875909640118986,17.986858318533436
Random Forest (Val),0.3456924443742191,0.08693936222275707,0.06692951708578969,15.01445786566511
Random Forest (Test),0.3342744352270668,0.08829550014250193,0.06728051970641527,15.324723370498358
Gradient Boosting (Val),0.26731820498476155,0.09199901607760666,0.0710975610771702,15.844762708497672
Gradient Boosting (Test),0.2527988616812542,0.09354266011181611,0.07173404888904303,16.286988873116048
