feature,normal_mean,anomaly_mean,difference,relative_difference,effect_size,p_value,significance
Quarter,1.5549847356453013,1.5549847356453002,-1.1102230246251565e-15,-7.139767993699477e-14,2.7559678449388016,1.3604582259767318e-171,High
SI_rolling_std_10,-0.15768792055449612,1.3371091425088946,1.4947970630633907,-947.9464614709004,1.4275857951544595,4.756249584028295e-60,High
SI_rolling_std_5,-0.11040031708225247,1.1220499477441184,1.2324502648263709,-1116.3466712764496,1.263351420955942,1.566065662274344e-48,High
SI_rolling_std_3,-0.0790004841636061,1.00407517442973,1.083075658593336,-1370.9734440998361,1.0946584118076215,1.1467477591906267e-37,High
BlFuPeIn,0.14004003493053122,-0.7369572819031857,-0.8769973168337168,-626.2475707527233,0.906436402906675,6.514579792421804e-27,High
